id,first_name,last_name,email,gender,ip_address
1,Carlie,O'Nions,conions0@mlb.com,Female,115.108.132.66
2,Julina,Cowl,jcowl1@nhs.uk,Female,8.24.179.92
3,Elise,Coombs,ecoombs2@businessinsider.com,Female,61.219.189.116
4,Ann,Graveson,agraveson3@google.nl,Female,35.20.89.28
5,Franklin,Hince,fhince4@smh.com.au,Male,229.105.39.185
6,Cicily,Markus,cmarkus5@woothemes.com,Genderfluid,52.222.185.23
7,Pamelina,Meni,pmeni6@netlog.com,Female,177.220.105.75
8,Emmaline,Aizikov,eaizikov7@ebay.com,Female,146.95.69.193
9,Ollie,Ducroe,oducroe8@nydailynews.com,Bigender,28.207.221.79
10,Desirae,Mayte,dmayte9@creativecommons.org,Female,94.156.21.82
11,Karoline,Caitlin,kcaitlina@dailymotion.com,Female,71.93.228.71
12,Aaron,Ioan,aioanb@stanford.edu,Male,253.185.198.203
13,Kylie,Aldham,kaldhamc@dagondesign.com,Male,4.154.188.97
14,Nikita,Ure,nured@goodreads.com,Male,245.239.142.117
15,Batholomew,Bene,bbenee@ask.com,Male,142.204.130.51
16,Cale,Derrett,cderrettf@rediff.com,Male,71.31.118.7
17,Justinian,Hadenton,jhadentong@berkeley.edu,Male,148.47.238.249
18,Ly,Ocklin,locklinh@marriott.com,Male,150.139.16.194
19,Shannen,Grave,sgravei@aboutads.info,Female,97.254.147.59
20,Veriee,Barrus,vbarrusj@dell.com,Female,122.220.55.65
21,Adolphe,Clulow,aclulowk@google.pl,Bigender,206.25.15.37
22,Jessika,Gallgher,jgallgherl@studiopress.com,Female,170.42.170.141
23,Erika,Gossage,egossagem@mozilla.org,Female,65.49.181.211
24,Jamaal,O'Crigane,jocriganen@virginia.edu,Male,96.189.110.54
25,Brandais,Karim,bkarimo@senate.gov,Female,205.21.27.235
26,Nerti,Durie,nduriep@eepurl.com,Female,24.225.1.182
27,Dorian,Domb,ddombq@ifeng.com,Male,13.250.222.94
28,Avigdor,Ouldcott,aouldcottr@salon.com,Male,178.219.16.240
29,Petrina,Peagram,ppeagrams@deviantart.com,Female,161.254.27.80
30,Katie,Rickert,krickertt@hostgator.com,Female,214.234.164.103
31,Melesa,Iacomo,miacomou@gov.uk,Genderfluid,202.152.68.59
32,Pamelina,Duckhouse,bduckhousev@bigcartel.com,Male,202.78.125.131
33,Cinda,Tibbles,ctibblesw@livejournal.com,Female,152.173.254.184
34,Kean,Deards,kdeardsx@reddit.com,Male,180.88.122.79
35,Sayres,Petrosian,spetrosiany@github.com,Male,177.11.92.93
36,Myrta,Bedells,mbedellsz@icq.com,Female,44.229.186.159
37,Mile,Shetliff,mshetliff10@dyndns.org,Male,92.105.55.118
38,Valeda,Humpage,vhumpage11@rediff.com,Female,42.110.164.28
39,Ardelia,Stobbie,astobbie12@flickr.com,Female,214.25.235.181
40,Zak,Castilljo,zcastilljo13@1und1.de,Male,32.233.212.197
41,Philip,Jacobbe,pjacobbe14@homestead.com,Male,22.0.85.52
42,Alain,Woollin,awoollin15@comcast.net,Male,166.85.134.74
43,Kari,MacBey,kmacbey16@fema.gov,Female,76.158.245.189
44,Aeriel,Parkeson,aparkeson17@mashable.com,Female,250.175.215.151
45,Erek,Gerish,egerish18@va.gov,Male,172.191.209.246
46,Sonya,Karp,skarp19@liveinternet.ru,Female,89.93.245.49
47,Sinclair,Mighele,smighele1a@senate.gov,Male,168.28.62.151
48,Fletch,Willmott,fwillmott1b@go.com,Male,5.220.71.77
49,Nerty,Threadgould,nthreadgould1c@yahoo.co.jp,Genderfluid,229.251.230.87
50,Jamal,McGee,jmcgee1d@photobucket.com,Male,109.6.7.200
51,Isobel,Glenn,iglenn1e@typepad.com,Female,22.161.63.158
52,Brit,Rouzet,brouzet1f@go.com,Female,207.115.167.151
53,Sibby,Dulanty,sdulanty1g@wsj.com,Female,161.157.148.66
54,Tiertza,Stuttard,tstuttard1h@php.net,Female,195.60.147.165
55,Llewellyn,Denyukhin,ldenyukhin1i@fema.gov,Male,85.236.209.254
56,Alonso,Brunt,abrunt1j@etsy.com,Male,21.110.76.190
57,Tully,Neligan,tneligan1k@usnews.com,Male,219.95.11.61
58,Yoshi,Manthroppe,ymanthroppe1l@psu.edu,Female,72.73.195.168
59,Elwin,Dignam,edignam1m@archive.org,Male,129.42.153.156
60,Webb,Beacock,wbeacock1n@mayoclinic.com,Male,8.116.13.164
61,Rowan,Hook,rhook1o@bravesites.com,Male,88.192.219.23
62,Harlan,Ebbles,hebbles1p@hubpages.com,Male,229.220.240.229
63,Elset,Vasyanin,evasyanin1q@harvard.edu,Female,207.96.254.244
64,Antonella,Cotmore,acotmore1r@yelp.com,Female,197.219.37.34
65,Carter,Gilphillan,cgilphillan1s@walmart.com,Male,128.22.145.89
66,Pamelina,Fernley,cfernley1t@narod.ru,Male,141.24.146.193
67,Tudor,Giabucci,tgiabucci1u@merriam-webster.com,Male,130.12.120.114
68,Dino,Gillfillan,dgillfillan1v@ask.com,Male,202.126.118.34
69,Major,Gauler,mgauler1w@timesonline.co.uk,Male,163.149.251.211
70,Elston,Loghan,eloghan1x@phoca.cz,Male,81.224.79.186
71,Shir,Leftridge,sleftridge1y@japanpost.jp,Female,178.125.38.165
72,Jeanna,Grugerr,jgrugerr1z@vinaora.com,Female,37.43.185.33
73,Ronna,Snailham,rsnailham20@yahoo.com,Female,173.27.113.132
74,Erhard,FitzGilbert,efitzgilbert21@macromedia.com,Male,136.86.210.18
75,Roddy,Denness,rdenness22@blinklist.com,Agender,240.236.134.170
76,Zora,Rawlin,zrawlin23@storify.com,Female,95.9.173.205
77,Edmon,Ugo,eugo24@is.gd,Male,50.182.119.200
78,Ebonee,Lambert,elambert25@va.gov,Female,152.177.208.88
79,Odelle,Longrigg,olongrigg26@marketwatch.com,Non-binary,186.17.8.182
80,Godiva,Keeler,gkeeler27@about.com,Female,53.124.199.116
81,Kitti,Truluck,ktruluck28@unblog.fr,Female,42.106.47.237
82,Delly,Seywood,dseywood29@live.com,Male,137.135.223.69
83,Abbie,Dilrew,adilrew2a@pbs.org,Male,234.145.213.107
84,Randolph,Rubinsztein,rrubinsztein2b@cafepress.com,Male,240.71.198.6
85,Marshall,Lanchberry,mlanchberry2c@gmpg.org,Male,23.157.154.67
86,Nikita,Goulbourn,ngoulbourn2d@theglobeandmail.com,Male,72.227.90.118
87,Bernette,Kohnen,bkohnen2e@ycombinator.com,Female,30.6.220.177
88,Pia,Escoffier,pescoffier2f@bbb.org,Polygender,94.64.45.196
89,Ira,Wicken,iwicken2g@salon.com,Female,54.201.14.18
90,Marissa,Dykes,mdykes2h@microsoft.com,Female,11.56.94.115
91,Adriano,Ferry,aferry2i@bing.com,Male,124.143.238.130
92,Pamelina,Gulberg,bgulberg2j@unicef.org,Female,128.210.185.94
93,Dela,Coldrick,dcoldrick2k@jimdo.com,Female,138.67.199.91
94,Leona,Coote,lcoote2l@tripadvisor.com,Female,245.53.18.117
95,Fay,Carwithen,fcarwithen2m@uol.com.br,Female,217.113.188.192
96,Shaylah,Jurges,sjurges2n@slideshare.net,Polygender,64.219.228.81
97,Rubin,La Padula,rlapadula2o@berkeley.edu,Male,167.135.225.5
98,Delly,Challiner,dchalliner2p@nytimes.com,Female,152.133.18.152
99,Ingunna,Wilsdon,iwilsdon2q@ibm.com,Female,240.163.240.10
100,Arron,Torrecilla,atorrecilla2r@ask.com,Male,215.39.34.236
101,Barbe,Ashlin,bashlin2s@ed.gov,Female,55.107.2.79
102,Aldous,Fellona,afellona2t@answers.com,Male,83.60.31.130
103,Harcourt,Pattillo,hpattillo2u@dell.com,Male,237.71.221.188
104,Melisent,Gouge,mgouge2v@cisco.com,Female,199.224.42.165
105,Nick,Eggleton,neggleton2w@storify.com,Male,220.110.173.229
106,Nicolis,Searby,nsearby2x@mediafire.com,Male,254.160.112.151
107,Kippy,Bootell,kbootell2y@google.ru,Female,247.129.0.148
108,Rriocard,Scarsbrooke,rscarsbrooke2z@dion.ne.jp,Male,156.77.8.68
109,Ali,MacAlroy,amacalroy30@trellian.com,Male,152.65.73.169
110,Lief,Morey,lmorey31@youtube.com,Male,199.39.197.146
111,Robb,Trumpeter,rtrumpeter32@independent.co.uk,Agender,46.71.183.218
112,Carlie,Spellard,cspellard33@tinypic.com,Male,66.46.16.220
113,Adolphus,Margery,amargery34@disqus.com,Male,246.149.106.78
114,Doretta,Ellsbury,dellsbury35@jugem.jp,Female,252.11.163.219
115,Callida,Tetther,ctetther36@icq.com,Genderfluid,176.29.158.196
116,Delly,Stealy,jstealy37@slashdot.org,Female,202.17.242.113
117,Guido,Lahy,glahy38@drupal.org,Male,68.121.182.77
118,Erena,Bedson,ebedson39@foxnews.com,Female,147.175.40.96
119,Traver,Hindsberg,thindsberg3a@blogspot.com,Male,164.144.81.104
120,Giovanni,Sumbler,gsumbler3b@nyu.edu,Male,113.120.181.12
121,Audy,Grimsdike,agrimsdike3c@unc.edu,Female,127.217.207.103
122,Lay,Simeons,lsimeons3d@ow.ly,Male,49.255.117.127
123,Shawn,Rewan,srewan3e@liveinternet.ru,Female,3.204.249.158
124,Morse,Ternault,mternault3f@smugmug.com,Agender,158.128.161.227
125,Kendrick,Fanthome,kfanthome3g@usatoday.com,Male,7.170.55.144
126,Killian,Humerstone,khumerstone3h@networksolutions.com,Male,36.232.246.71
127,Trista,Haug,thaug3i@tinyurl.com,Female,92.90.108.17
128,Biddie,Mohun,bmohun3j@baidu.com,Female,213.236.165.107
129,Johnny,Deekes,jdeekes3k@istockphoto.com,Male,74.1.59.194
130,Lauretta,Brixey,lbrixey3l@yellowbook.com,Female,87.8.107.22
131,Godfry,Cornes,gcornes3m@surveymonkey.com,Male,115.217.131.180
132,Devin,Yerrell,dyerrell3n@spotify.com,Male,145.56.234.222
133,Rana,Rettie,rrettie3o@seesaa.net,Female,172.154.55.37
134,Marge,Pressnell,mpressnell3p@cpanel.net,Female,12.231.34.8
135,Mellisent,Greves,mgreves3q@typepad.com,Female,195.153.109.8
136,Evey,Costard,ecostard3r@walmart.com,Female,255.66.225.206
137,Arlyn,McKew,amckew3s@cocolog-nifty.com,Female,196.141.130.207
138,Anton,Jonathon,ajonathon3t@toplist.cz,Male,233.166.157.181
139,Amelia,Dorney,adorney3u@bravesites.com,Bigender,76.178.171.47
140,Bobby,Pavel,bpavel3v@alexa.com,Male,180.102.24.28
141,Alexandra,Maypother,amaypother3w@eventbrite.com,Non-binary,192.184.159.12
142,Barnett,Bertouloume,bbertouloume3x@nymag.com,Male,178.151.154.143
143,Chucho,O'Duane,coduane3y@microsoft.com,Male,122.40.108.37
144,Trevar,Holleworth,tholleworth3z@virginia.edu,Male,111.169.87.140
145,Delly,Linklater,clinklater40@mapy.cz,Female,29.95.132.192
146,Shanan,Denisevich,sdenisevich41@about.me,Male,194.226.32.13
147,Jeffie,Throughton,jthroughton42@angelfire.com,Male,37.82.200.185
148,Lindon,Selburn,lselburn43@engadget.com,Male,237.36.5.199
149,Keely,Ort,kort44@tumblr.com,Genderqueer,59.56.61.72
150,Jacquette,Alders,jalders45@cbc.ca,Female,99.31.166.226
151,Livvie,Quaif,lquaif46@mediafire.com,Female,113.197.222.171
152,Coletta,Braben,cbraben47@parallels.com,Female,240.112.245.229
153,Lin,Slatten,lslatten48@techcrunch.com,Female,23.64.216.203
154,Jerrold,Bartholomaus,jbartholomaus49@webmd.com,Male,170.193.91.245
155,Danny,Cordsen,dcordsen4a@google.cn,Female,16.248.11.224
156,Craggie,Vieyra,cvieyra4b@cpanel.net,Male,238.1.190.30
157,Stacie,Langhorn,slanghorn4c@mapy.cz,Agender,45.175.51.37
158,Sheffy,Pendrigh,spendrigh4d@goodreads.com,Male,238.102.222.131
159,Del,Barrass,dbarrass4e@discovery.com,Female,43.116.40.194
160,Ray,Storer,rstorer4f@liveinternet.ru,Genderfluid,207.108.5.71
161,Wallis,Nixon,wnixon4g@ucoz.com,Male,168.33.213.62
162,Dorie,Blackmoor,dblackmoor4h@yolasite.com,Female,240.94.174.105
163,Lauralee,Blowen,lblowen4i@blogger.com,Female,155.95.94.229
164,Dalenna,Dumbrill,ddumbrill4j@springer.com,Female,251.137.210.132
165,Hasheem,Carratt,hcarratt4k@zimbio.com,Male,88.107.211.103
166,Stanly,Bohlens,sbohlens4l@about.com,Male,62.186.140.147
167,Niels,Gerasch,ngerasch4m@posterous.com,Male,226.204.238.102
168,Delly,Zanini,czanini4n@hatena.ne.jp,Male,151.74.1.210
169,Zechariah,Farans,zfarans4o@acquirethisname.com,Male,216.164.71.149
170,Angelico,Styan,astyan4p@springer.com,Male,63.57.20.98
171,Chaddie,Preece,cpreece4q@hibu.com,Male,54.90.140.106
172,Giusto,Keijser,gkeijser4r@google.nl,Male,54.20.225.137
173,Oliy,Odde,oodde4s@thetimes.co.uk,Female,21.94.14.241
174,Harland,How to preserve,hhowtopreserve4t@stumbleupon.com,Male,249.98.183.160
175,Morty,Murie,mmurie4u@nps.gov,Male,252.238.114.253
176,Alethea,Crowdson,acrowdson4v@dell.com,Female,183.26.173.187
177,Berti,McNeachtain,bmcneachtain4w@fotki.com,Female,15.200.171.178
178,Malena,Hanson,mhanson4x@csmonitor.com,Female,249.167.84.8
179,Derron,McRobert,dmcrobert4y@japanpost.jp,Male,153.141.30.21
180,Fairleigh,Letchford,fletchford4z@tumblr.com,Male,242.9.87.75
181,Fin,Shippard,fshippard50@virginia.edu,Male,6.2.203.32
182,Gussi,Balshen,gbalshen51@state.tx.us,Female,114.83.52.146
183,Ruthy,Jone,rjone52@geocities.jp,Female,235.150.224.184
184,Thaxter,Sinnie,tsinnie53@newsvine.com,Male,37.202.211.204
185,Hy,Mayhew,hmayhew54@parallels.com,Male,178.91.182.218
186,Raye,Amdohr,ramdohr55@intel.com,Female,224.166.89.100
187,Gunner,Beazer,gbeazer56@intel.com,Male,122.207.44.194
188,Kaleena,Downe,kdowne57@tumblr.com,Female,125.88.182.96
189,Delly,Markie,amarkie58@who.int,Male,85.238.62.224
190,Josee,Agutter,jagutter59@umn.edu,Female,167.104.219.230
191,Duncan,Jaffrey,djaffrey5a@cnet.com,Male,255.220.1.191
192,Olenka,Pappin,opappin5b@nationalgeographic.com,Female,157.71.185.206
193,Arielle,Raspison,araspison5c@deliciousdays.com,Female,246.3.186.41
194,Zared,Cabotto,zcabotto5d@ustream.tv,Male,215.241.62.234
195,Godfree,Spratt,gspratt5e@phpbb.com,Male,108.137.55.128
196,Lyndsie,Humbatch,lhumbatch5f@uol.com.br,Female,209.63.92.240
197,Delphinia,Gosswell,dgosswell5g@istockphoto.com,Non-binary,238.81.208.46
198,Jeff,Westrey,jwestrey5h@newsvine.com,Male,222.16.92.124
199,Paule,Sendall,psendall5i@ebay.com,Female,19.157.94.65
200,Ingamar,McGeagh,imcgeagh5j@ed.gov,Male,230.221.155.230
201,Lissy,Kellock,lkellock5k@businessinsider.com,Female,204.3.140.189
202,Boothe,Barukh,bbarukh5l@webs.com,Male,104.35.208.125
203,Marleen,Mulhall,mmulhall5m@bigcartel.com,Female,23.57.3.248
204,Ahmed,Ghirardi,aghirardi5n@utexas.edu,Bigender,29.86.9.221
205,Alessandra,Cobson,acobson5o@de.vu,Female,255.242.88.227
206,Anna-diana,Rubanenko,arubanenko5p@utexas.edu,Female,59.61.15.5
207,Aarika,Earengey,aearengey5q@prnewswire.com,Female,70.207.166.104
208,Renae,Rhymer,rrhymer5r@com.com,Female,105.91.217.20
209,Erda,Hancock,ehancock5s@marketwatch.com,Female,227.155.171.117
210,Karlotte,Greenham,kgreenham5t@gravatar.com,Female,199.161.113.227
211,Terri-jo,Sheasby,tsheasby5u@java.com,Female,187.63.130.113
212,Dillon,Cubin,dcubin5v@npr.org,Agender,119.137.72.214
213,Glennis,Brose,gbrose5w@4shared.com,Female,119.45.33.182
214,Moises,Purslow,mpurslow5x@ameblo.jp,Non-binary,63.250.23.172
215,Auberta,Longea,alongea5y@nasa.gov,Bigender,159.95.167.31
216,Marilyn,Kinsella,mkinsella5z@redcross.org,Female,164.159.59.53
217,Gussi,Warrington,qwarrington60@myspace.com,Female,192.126.51.93
218,Winthrop,Cannings,wcannings61@webeden.co.uk,Male,68.68.197.23
219,Leann,Loakes,lloakes62@spiegel.de,Female,32.20.114.32
220,Andreas,Carneck,acarneck63@uol.com.br,Male,24.253.135.151
221,Guthry,Simmons,gsimmons64@adobe.com,Male,182.125.1.192
222,Laurens,Broadstock,lbroadstock65@whitehouse.gov,Male,139.121.87.90
223,Kiley,Witherden,kwitherden66@forbes.com,Male,157.42.29.192
224,Gerrard,Matzen,gmatzen67@nba.com,Agender,18.188.35.125
225,Shane,Geerdts,sgeerdts68@wufoo.com,Genderfluid,80.20.202.66
226,Dalt,O'Hickey,dohickey69@networksolutions.com,Male,17.247.93.171
227,Fawne,Giacubbo,fgiacubbo6a@seesaa.net,Genderfluid,26.39.107.77
228,Rick,Callar,rcallar6b@prlog.org,Male,67.127.211.202
229,Jerry,Mahony,jmahony6c@sciencedirect.com,Male,34.202.243.49
230,Elane,Margerrison,emargerrison6d@eepurl.com,Female,81.10.91.246
231,Caron,Gaylor,cgaylor6e@disqus.com,Female,197.116.186.233
232,Addison,McCoid,amccoid6f@geocities.com,Male,91.156.199.113
233,Jacquenetta,McWilliam,jmcwilliam6g@dagondesign.com,Polygender,106.150.153.225
234,Gussi,Bohike,nbohike6h@cam.ac.uk,Female,226.140.5.86
235,Maggee,Plewman,mplewman6i@businessweek.com,Female,226.90.70.97
236,Luis,Reddish,lreddish6j@google.nl,Male,173.255.173.107
237,Barret,Erley,berley6k@storify.com,Male,238.247.89.21
238,Taddeo,Howson,thowson6l@a8.net,Male,168.136.189.206
239,Antons,Bamford,abamford6m@purevolume.com,Male,99.217.212.29
240,Niko,Macbeth,nmacbeth6n@cnbc.com,Bigender,42.217.72.65
241,Raymund,Brownrigg,rbrownrigg6o@zimbio.com,Male,9.25.233.234
242,Linoel,MacConnal,lmacconnal6p@msn.com,Male,144.16.36.92
243,Claire,Fradson,cfradson6q@army.mil,Male,120.189.239.138
244,Katharina,Walls,kwalls6r@joomla.org,Female,231.49.113.134
245,Sanderson,Gostage,sgostage6s@shutterfly.com,Male,1.39.95.97
246,Ali,Gunby,agunby6t@arizona.edu,Male,248.121.30.174
247,Ludovika,Tredget,ltredget6u@archive.org,Polygender,125.239.18.253
248,Reggie,Bengefield,rbengefield6v@usatoday.com,Male,72.126.239.33
249,Alister,Bonhan,abonhan6w@indiegogo.com,Male,102.245.211.212
250,Cecilia,Sloegrave,csloegrave6x@artisteer.com,Female,3.199.247.144
251,Clay,Card,ccard6y@tuttocitta.it,Male,47.80.50.142
252,Imelda,Unwin,iunwin6z@geocities.com,Female,52.222.225.145
253,Beverlee,Scorthorne,bscorthorne70@weebly.com,Female,154.12.193.31
254,Skipp,Casina,scasina71@businesswire.com,Male,247.89.7.69
255,Brenden,Attrie,battrie72@xinhuanet.com,Male,26.226.5.61
256,Debby,Ferrero,dferrero73@google.de,Female,18.68.54.240
257,Talia,Skune,tskune74@google.com.au,Female,190.75.158.87
258,Hendrick,Dellenbrok,hdellenbrok75@desdev.cn,Genderfluid,114.157.49.31
259,Evelina,Rubinowicz,erubinowicz76@npr.org,Female,183.40.175.233
260,Lela,Babbs,lbabbs77@wisc.edu,Female,50.4.195.232
261,Tull,Pickin,tpickin78@issuu.com,Male,83.205.125.113
262,Hedda,Drysdale,hdrysdale79@huffingtonpost.com,Female,241.153.134.75
263,Violette,Tremmil,vtremmil7a@parallels.com,Female,32.147.83.207
264,Cathie,Conquest,cconquest7b@mail.ru,Female,252.221.254.64
265,Denys,Clampton,dclampton7c@bluehost.com,Genderqueer,196.99.136.111
266,Jammal,Lack,jlack7d@patch.com,Male,16.125.168.113
267,Filmore,Beesey,fbeesey7e@springer.com,Male,54.231.12.108
268,Rosella,MacMenamy,rmacmenamy7f@seesaa.net,Female,187.149.144.190
269,Nick,Symons,nsymons7g@github.io,Male,14.233.75.46
270,Burt,Isacke,bisacke7h@behance.net,Male,63.211.20.234
271,Gayle,Chrismas,gchrismas7i@dedecms.com,Male,11.250.166.162
272,Geoff,Paulmann,gpaulmann7j@latimes.com,Male,77.78.190.157
273,Mickey,Phythien,mphythien7k@phoca.cz,Male,49.121.175.202
274,Blinny,Rishbrook,brishbrook7l@nba.com,Non-binary,198.124.235.201
275,Stanislaw,Shepherdson,sshepherdson7m@pinterest.com,Polygender,235.233.92.37
276,Gussi,Olivey,colivey7n@freewebs.com,Female,115.120.3.63
277,Daffy,Turnock,dturnock7o@flickr.com,Female,237.119.116.59
278,Fredericka,Loder,floder7p@taobao.com,Female,202.36.26.27
279,Arvie,Zanni,azanni7q@narod.ru,Male,77.215.95.76
280,Peggi,Fraschetti,pfraschetti7r@nationalgeographic.com,Female,145.64.107.114
281,Doe,Gratrex,dgratrex7s@marketwatch.com,Female,141.60.227.213
282,Godart,Pymer,gpymer7t@technorati.com,Male,189.140.168.205
283,Richard,O'Logan,rologan7u@ebay.com,Male,124.100.169.51
284,Pearl,Downes,pdownes7v@skype.com,Female,166.56.8.237
285,Damien,Bedham,dbedham7w@nasa.gov,Male,148.182.18.143
286,Boy,Biaggetti,bbiaggetti7x@who.int,Male,17.3.219.187
287,Felike,Gascar,fgascar7y@blinklist.com,Male,124.251.91.108
288,Lesley,Southerns,lsoutherns7z@hibu.com,Male,34.35.103.6
289,Cherice,Whitwham,cwhitwham80@fda.gov,Female,45.115.114.5
290,Bartholemy,Stiegar,bstiegar81@histats.com,Male,179.129.168.64
291,Darcy,Trengove,dtrengove82@bandcamp.com,Female,222.31.36.116
292,Emlynn,McNickle,emcnickle83@nba.com,Female,110.54.29.237
293,Austin,Tuminini,atuminini84@adobe.com,Male,67.70.7.29
294,Bailie,Reese,breese85@addtoany.com,Male,60.130.199.212
295,Rosaleen,Grishkov,rgrishkov86@chron.com,Female,133.65.251.45
296,Randie,Ilsley,rilsley87@taobao.com,Male,231.241.50.42
297,Joela,Conisbee,jconisbee88@pen.io,Female,5.44.201.17
298,Georg,Sterzaker,gsterzaker89@wiley.com,Male,94.1.207.180
299,Rip,Baptiste,rbaptiste8a@vinaora.com,Male,73.70.102.71
300,Loralie,Mew,lmew8b@cam.ac.uk,Female,11.242.225.138
301,Geordie,Spinke,gspinke8c@furl.net,Male,28.163.229.119
302,Bondie,Bloy,bbloy8d@bing.com,Genderfluid,180.137.56.52
303,Lyon,Chidzoy,lchidzoy8e@mapy.cz,Male,214.184.94.151
304,Celisse,Leeuwerink,cleeuwerink8f@pen.io,Female,32.174.4.36
305,Onofredo,Bothams,obothams8g@forbes.com,Male,19.46.81.245
306,Lemmy,Rattry,lrattry8h@blinklist.com,Male,152.38.73.215
307,Brok,Marre,bmarre8i@chicagotribune.com,Male,144.59.149.107
308,Avie,Brandassi,abrandassi8j@altervista.org,Female,208.106.130.20
309,Kin,Barnsdale,kbarnsdale8k@washington.edu,Male,43.130.53.194
310,Koenraad,Squibe,ksquibe8l@europa.eu,Male,136.9.30.196
311,Daisi,Kristoffersson,dkristoffersson8m@npr.org,Female,245.83.57.95
312,Randee,Cuff,rcuff8n@issuu.com,Female,60.209.128.196
313,Koenraad,Ethelstone,kethelstone8o@hhs.gov,Male,168.128.244.58
314,Brittaney,Tukely,btukely8p@mozilla.com,Female,246.244.135.189
315,Patric,Leeburne,pleeburne8q@t-online.de,Male,86.63.49.99
316,Boot,Swire,bswire8r@reverbnation.com,Male,170.14.4.25
317,Maighdiln,Extance,mextance8s@blogs.com,Non-binary,102.242.20.162
318,Ciel,Minihane,cminihane8t@google.fr,Genderfluid,231.155.33.21
319,Diena,Mingame,dmingame8u@mtv.com,Female,104.247.230.236
320,Benjie,Dealtry,bdealtry8v@surveymonkey.com,Male,72.150.95.157
321,Neville,Pear,npear8w@cnn.com,Male,144.115.27.177
322,Em,Seilmann,eseilmann8x@prweb.com,Male,14.110.106.215
323,Jasper,Cleife,jcleife8y@netlog.com,Male,211.202.236.13
324,Manon,Scurrer,mscurrer8z@businesswire.com,Female,19.16.70.197
325,Constance,Children,cchildren90@technorati.com,Female,217.192.33.46
326,Dehlia,D'Onisi,ddonisi91@scribd.com,Female,99.14.189.122
327,Kaspar,Bissill,kbissill92@goo.ne.jp,Male,102.218.92.249
328,Serene,Kyne,skyne93@nba.com,Female,233.153.229.27
329,Mano,Lewing,mlewing94@mtv.com,Male,4.52.101.202
330,Towny,Wotherspoon,twotherspoon95@msn.com,Male,162.99.149.7
331,Melitta,Crann,mcrann96@networksolutions.com,Female,249.212.138.45
332,Charmine,Werlock,cwerlock97@salon.com,Female,197.21.90.71
333,Shaylyn,Schwieso,sschwieso98@nymag.com,Female,36.249.56.26
334,Clevey,Gallear,cgallear99@ow.ly,Polygender,24.3.143.196
335,Genni,Grugerr,ggrugerr9a@home.pl,Female,210.196.245.96
336,Giulio,Scaddon,gscaddon9b@fema.gov,Male,208.122.205.161
337,Weider,Wey,wwey9c@slideshare.net,Polygender,255.69.179.52
338,Renato,Brookshaw,rbrookshaw9d@blogger.com,Male,231.140.129.143
339,Adrienne,Kenyam,akenyam9e@altervista.org,Female,192.59.244.103
340,Berkly,Benedek,bbenedek9f@yahoo.co.jp,Male,54.186.80.125
341,Ulberto,Murtimer,umurtimer9g@xrea.com,Male,14.70.173.183
342,Quinta,Blackbourn,qblackbourn9h@npr.org,Female,131.2.132.237
343,Charity,Tomlin,ctomlin9i@ted.com,Female,224.235.150.186
344,Granthem,Pirkis,gpirkis9j@guardian.co.uk,Male,234.112.9.221
345,Sherilyn,Sickert,ssickert9k@yellowpages.com,Female,123.43.2.233
346,Laurie,Creeboe,lcreeboe9l@scientificamerican.com,Female,70.114.45.120
347,Millisent,Phair,mphair9m@chicagotribune.com,Female,48.144.70.157
348,Carling,Gerry,cgerry9n@ft.com,Polygender,62.180.159.105
349,Rosalynd,Champness,rchampness9o@cloudflare.com,Female,161.201.237.97
350,Ira,Riddel,iriddel9p@telegraph.co.uk,Female,47.255.240.81
351,Mano,Sygrove,dsygrove9q@ibm.com,Female,36.147.135.220
352,Alysa,Folland,afolland9r@newyorker.com,Female,221.81.56.252
353,Josiah,Blaxter,jblaxter9s@slate.com,Male,212.110.255.73
354,Chickie,Kenneway,ckenneway9t@examiner.com,Male,216.244.116.31
355,Cornelius,Stancliffe,cstancliffe9u@skyrock.com,Male,72.101.112.253
356,Pace,Clarkson,pclarkson9v@twitpic.com,Male,214.217.240.102
357,Domenic,Heggie,dheggie9w@a8.net,Male,151.51.83.118
358,Amerigo,Lunny,alunny9x@omniture.com,Male,33.2.253.168
359,Curtice,Musso,cmusso9y@whitehouse.gov,Non-binary,108.128.152.187
360,Michal,Winters,mwinters9z@ft.com,Male,30.61.144.190
361,Axel,Smout,asmouta0@weibo.com,Male,114.52.135.114
362,Craggy,Shercliff,cshercliffa1@diigo.com,Male,150.59.58.171
363,Daria,Pascho,dpaschoa2@bigcartel.com,Female,53.12.8.17
364,Mano,Maken,dmakena3@wikispaces.com,Female,7.195.143.51
365,Sigismondo,Renny,srennya4@yahoo.com,Male,101.213.96.177
366,Sari,Dickon,sdickona5@loc.gov,Genderqueer,238.145.45.111
367,Martica,Rudd,mrudda6@oakley.com,Female,225.47.65.115
368,Corrie,Simnell,csimnella7@goo.ne.jp,Male,154.206.42.228
369,Nichols,Darell,ndarella8@berkeley.edu,Male,89.243.63.84
370,Margalit,Castagnier,mcastagniera9@macromedia.com,Female,150.101.199.147
371,Tadio,Chater,tchateraa@histats.com,Polygender,189.188.242.64
372,Allister,Cheek,acheekab@topsy.com,Male,218.237.128.197
373,Mano,Lancastle,klancastleac@businessweek.com,Female,227.217.143.228
374,Jillian,Spyvye,jspyvyead@soup.io,Female,59.255.234.100
375,Leyla,Pulman,lpulmanae@usatoday.com,Female,36.49.73.123
376,Francesca,Fitchett,ffitchettaf@mapquest.com,Female,233.230.165.240
377,Marina,Chislett,mchislettag@google.co.uk,Bigender,193.195.184.65
378,Salome,McCerery,smccereryah@homestead.com,Female,68.21.143.223
379,Chan,Wallbrook,cwallbrookai@pbs.org,Male,188.234.239.133
380,Murry,Kubicki,mkubickiaj@booking.com,Male,137.144.208.7
381,Danya,Astles,dastlesak@redcross.org,Agender,27.71.76.125
382,Lynnelle,Bento,lbentoal@elegantthemes.com,Agender,45.159.49.200
383,Joye,Morin,jmorinam@1und1.de,Bigender,120.38.180.69
384,Lacy,de Mendoza,ldemendozaan@uiuc.edu,Female,22.198.251.176
385,Orrin,Heggs,oheggsao@springer.com,Male,143.21.139.37
386,Phebe,Garrood,pgarroodap@bbc.co.uk,Female,246.184.17.95
387,Paxon,Germaine,pgermaineaq@umich.edu,Male,13.139.41.199
388,Lloyd,Dy,ldyar@pbs.org,Male,121.129.109.244
389,Alla,Tax,ataxas@sitemeter.com,Female,88.158.17.161
390,Herve,Abrehart,habrehartat@gov.uk,Male,75.218.54.140
391,Ravi,Phinn,rphinnau@drupal.org,Male,169.197.57.73
392,Fancie,Cullagh,fcullaghav@amazon.com,Female,44.72.145.26
393,Shanon,Laborde,slabordeaw@symantec.com,Female,242.101.191.39
394,Daron,Ivanenko,divanenkoax@nytimes.com,Male,104.17.29.89
395,Dori,Jewiss,djewissay@sakura.ne.jp,Female,120.186.121.53
396,Adelina,Buckel,abuckelaz@privacy.gov.au,Female,8.35.75.65
397,Gilbertine,Dyer,gdyerb0@walmart.com,Female,58.113.198.180
398,Dov,Burel,dburelb1@godaddy.com,Non-binary,90.55.226.80
399,Redd,Hammersley,rhammersleyb2@360.cn,Male,51.173.109.109
400,Osgood,Llywarch,ollywarchb3@umich.edu,Male,2.165.131.123
401,Shoshana,Flinders,sflindersb4@senate.gov,Female,53.77.69.21
402,Alfie,Caulfield,acaulfieldb5@moonfruit.com,Female,2.171.155.2
403,Sheridan,Fasse,sfasseb6@google.pl,Male,54.211.68.100
404,Frederik,Found,ffoundb7@ed.gov,Male,40.221.142.101
405,Devinne,Trimme,dtrimmeb8@devhub.com,Female,184.150.170.64
406,Claudia,Cleary,cclearyb9@flavors.me,Female,127.43.14.6
407,Benn,Luppitt,bluppittba@biglobe.ne.jp,Male,52.14.115.88
408,Sonnie,Kirgan,skirganbb@netscape.com,Non-binary,25.251.216.23
409,Saundra,Gorrissen,sgorrissenbc@marriott.com,Female,203.230.40.249
410,Nadeen,Rozsa,nrozsabd@blogspot.com,Bigender,79.50.187.94
411,Moss,Kee,mkeebe@foxnews.com,Male,104.239.241.178
412,Pail,Farris,pfarrisbf@cisco.com,Non-binary,77.9.135.36
413,Cross,Mundie,cmundiebg@sourceforge.net,Male,100.31.21.180
414,Warde,Norman,wnormanbh@geocities.com,Male,214.48.241.102
415,Herve,Jantet,hjantetbi@ameblo.jp,Male,126.164.134.165
416,Griffie,Falloon,gfalloonbj@odnoklassniki.ru,Male,60.215.205.37
417,Paola,Whatmough,pwhatmoughbk@reuters.com,Bigender,147.52.158.225
418,Melissa,McCay,mmccaybl@skyrock.com,Female,221.15.91.227
419,Nobe,Teek,nteekbm@arizona.edu,Male,125.192.124.110
420,Wake,Holworth,wholworthbn@printfriendly.com,Male,97.79.252.50
421,Heindrick,Caroli,hcarolibo@51.la,Male,217.142.202.103
422,Genny,Thornthwaite,gthornthwaitebp@friendfeed.com,Female,126.9.245.165
423,Guy,Arntzen,garntzenbq@ucoz.ru,Male,49.129.126.196
424,Katrinka,Pilsworth,kpilsworthbr@latimes.com,Female,253.88.232.167
425,Serge,Danser,sdanserbs@shinystat.com,Male,33.236.175.23
426,Berti,Bridson,bbridsonbt@tinypic.com,Male,64.174.252.194
427,Freddie,Warden,fwardenbu@goo.ne.jp,Female,46.244.233.207
428,Ned,Hauck,nhauckbv@latimes.com,Male,132.106.64.1
429,Carlie,Gabbatiss,cgabbatissbw@livejournal.com,Male,132.123.120.28
430,Anita,Danaher,adanaherbx@vinaora.com,Female,185.134.51.176
431,Sukey,Vannar,svannarby@sitemeter.com,Female,50.112.156.92
432,Janie,Hart,jhartbz@tripod.com,Female,12.92.212.133
433,Wylma,Issacov,wissacovc0@reuters.com,Female,155.239.48.73
434,Kay,Cabera,kcaberac1@pcworld.com,Female,209.238.164.219
435,Emelina,Lawrinson,elawrinsonc2@apple.com,Female,169.64.74.70
436,Felipa,Ackenhead,fackenheadc3@amazonaws.com,Female,65.94.3.127
437,Michele,Simnett,msimnettc4@privacy.gov.au,Male,96.121.76.112
438,Talbot,Passion,tpassionc5@printfriendly.com,Polygender,34.97.148.13
439,Davita,Bonifazio,dbonifazioc6@rakuten.co.jp,Female,147.37.129.225
440,Darrelle,Rubinow,drubinowc7@usgs.gov,Female,164.146.223.241
441,Stanford,Locarno,slocarnoc8@tinyurl.com,Male,230.138.170.157
442,Spencer,Mabson,smabsonc9@npr.org,Male,244.163.69.10
443,Estelle,Coomer,ecoomerca@sun.com,Female,253.221.43.90
444,Farlee,Jorioz,fjoriozcb@4shared.com,Male,164.252.49.42
445,Fenelia,Rewcastle,frewcastlecc@shareasale.com,Female,253.165.39.40
446,Claudianus,Eallis,cealliscd@cyberchimps.com,Male,65.25.100.138
447,Marcie,Ferber,mferberce@sciencedaily.com,Female,232.136.170.177
448,Farlie,Meredith,fmeredithcf@bloomberg.com,Male,92.132.185.216
449,Cassy,Densun,cdensuncg@miibeian.gov.cn,Female,62.217.191.83
450,Curr,Kirkwood,ckirkwoodch@mapy.cz,Male,164.24.46.117
451,Elberta,Dolbey,edolbeyci@google.cn,Female,126.24.97.222
452,Francoise,Sanchez,fsanchezcj@comcast.net,Female,50.222.49.109
453,Shannah,Henrionot,shenrionotck@tamu.edu,Female,190.151.90.106
454,Lavina,Flavelle,lflavellecl@sphinn.com,Female,69.104.189.123
455,Eldon,Coneybeer,econeybeercm@g.co,Male,147.153.17.61
456,Jilli,Shoppee,jshoppeecn@1688.com,Female,212.181.18.134
457,Muffin,Seine,mseineco@facebook.com,Female,154.220.43.61
458,Thorpe,Waleran,twalerancp@cnbc.com,Male,89.206.215.46
459,Travus,Ruit,truitcq@cbc.ca,Male,238.31.228.26
460,Oralie,McClory,omcclorycr@posterous.com,Polygender,94.53.246.181
461,Sullivan,Escale,sescalecs@ebay.com,Male,54.14.16.238
462,Phylis,Woodfield,pwoodfieldct@wisc.edu,Female,4.153.86.116
463,Richmound,Mantione,rmantionecu@cnet.com,Male,162.107.107.176
464,Frankie,Fellgate,ffellgatecv@sitemeter.com,Male,255.120.112.115
465,Elonore,Studdard,estuddardcw@amazon.com,Female,216.209.150.207
466,Gaynor,Gurery,ggurerycx@list-manage.com,Female,229.49.33.133
467,Garvy,Mack,gmackcy@skype.com,Male,150.118.93.8
468,Lee,Kornas,lkornascz@wired.com,Female,32.170.109.48
469,Giana,Jendrys,gjendrysd0@woothemes.com,Female,206.110.43.163
470,Rabi,Comettoi,rcomettoid1@bravesites.com,Male,178.17.2.158
471,Talbot,Rameau,trameaud2@plala.or.jp,Male,187.252.155.153
472,Niel,Dundridge,ndundridged3@devhub.com,Male,88.18.153.136
473,Brittney,Zaczek,bzaczekd4@biglobe.ne.jp,Genderqueer,57.118.50.33
474,Felecia,Congdon,fcongdond5@jigsy.com,Female,177.96.230.202
475,Kara,Densey,kdenseyd6@ihg.com,Female,37.15.17.32
476,Jean,Powder,jpowderd7@nhs.uk,Male,226.250.109.175
477,Fenelia,O'Hern,fohernd8@huffingtonpost.com,Female,217.89.227.194
478,Silvester,O'Brollachain,sobrollachaind9@paginegialle.it,Male,233.208.231.32
479,Dmitri,Abell,dabellda@timesonline.co.uk,Male,227.19.155.145
480,Jory,Freschi,jfreschidb@intel.com,Male,45.156.165.44
481,Kerby,Andrejevic,kandrejevicdc@usa.gov,Male,223.87.20.109
482,Shoshana,Kingsly,skingslydd@soundcloud.com,Female,150.125.52.251
483,Betteanne,Richardot,brichardotde@free.fr,Female,94.162.55.194
484,Rebecca,Trevance,rtrevancedf@istockphoto.com,Female,18.169.136.125
485,Yardley,Edeson,yedesondg@angelfire.com,Male,198.178.193.236
486,Tiebold,La Vigne,tlavignedh@spotify.com,Male,143.124.128.77
487,Marcellina,Bresman,mbresmandi@ask.com,Female,153.74.172.185
488,Bartolomeo,Faireclough,bfairecloughdj@phpbb.com,Male,34.132.37.52
489,Otto,Byfield,obyfielddk@wordpress.org,Male,212.116.78.189
490,Julita,Sawforde,jsawfordedl@yellowbook.com,Non-binary,160.113.209.66
491,Sonnie,Ivanenko,sivanenkodm@csmonitor.com,Male,214.59.175.29
492,Barth,O' Hogan,bohogandn@umich.edu,Male,100.107.185.5
493,Torr,Sircombe,tsircombedo@about.com,Male,10.235.33.149
494,Dannie,Klesl,dklesldp@tuttocitta.it,Male,233.230.248.242
495,Tiffy,Orgen,torgendq@oracle.com,Female,188.120.162.203
496,Pammi,Henden,phendendr@reuters.com,Female,19.90.23.151
497,Isa,Loiterton,iloitertonds@samsung.com,Male,112.30.132.117
498,Reagen,Fildery,rfilderydt@people.com.cn,Male,192.228.164.208
499,Vasili,Lenihan,vlenihandu@google.co.uk,Male,195.24.134.212
500,Abbott,Beningfield,abeningfielddv@ihg.com,Male,191.42.120.122
501,Tan,Schuelcke,tschuelckedw@jigsy.com,Male,109.133.241.243
502,Merwyn,Farthin,mfarthindx@elegantthemes.com,Male,122.2.46.38
503,Lexy,Sustins,lsustinsdy@cmu.edu,Female,42.121.207.5
504,Harlin,Kleiner,hkleinerdz@ezinearticles.com,Male,129.127.83.85
505,Gabriella,Boissier,gboissiere0@storify.com,Female,79.39.48.101
506,Glennis,Southerell,gsoutherelle1@virginia.edu,Female,2.225.182.46
507,Garrard,Bernardino,gbernardinoe2@oakley.com,Male,115.163.154.175
508,Colas,Lasseter,classetere3@samsung.com,Male,78.212.31.18
509,Nannie,Village,nvillagee4@craigslist.org,Female,96.63.239.8
510,Hilde,Cable,hcablee5@jugem.jp,Female,164.115.8.79
511,Elise,Boon,eboone6@canalblog.com,Female,226.159.15.51
512,Piggy,Faulder,pfauldere7@marketwatch.com,Male,125.225.40.1
513,Roderic,Guilloneau,rguilloneaue8@unc.edu,Male,210.207.237.252
514,Roi,Gwinnett,rgwinnette9@bluehost.com,Male,14.195.218.40
515,Una,Radbond,uradbondea@ibm.com,Female,1.206.213.238
516,Leigh,Kensit,lkensiteb@dmoz.org,Female,113.250.206.212
517,Marsiella,Becken,mbeckenec@ocn.ne.jp,Female,183.223.177.215
518,Lynne,Corkitt,lcorkitted@ucla.edu,Female,135.21.16.107
519,Ellette,Jerrolt,ejerroltee@pagesperso-orange.fr,Bigender,238.143.177.239
520,Osborn,Fenners,ofennersef@eventbrite.com,Male,151.146.55.10
521,Briano,Easey,beaseyeg@mysql.com,Agender,131.201.145.139
522,Benyamin,Attree,battreeeh@who.int,Male,138.240.150.71
523,Viva,Troni,vtroniei@surveymonkey.com,Female,107.163.52.10
524,Prent,Cello,pcelloej@livejournal.com,Male,105.106.200.199
525,Ramsay,MacFadzean,rmacfadzeanek@zimbio.com,Male,71.196.135.104
526,Rockey,McQuade,rmcquadeel@unesco.org,Male,163.227.115.154
527,Caro,Middleton,cmiddletonem@dell.com,Female,32.175.91.240
528,Fionnula,Botton,fbottonen@prlog.org,Female,65.121.98.67
529,Vaclav,Gorick,vgorickeo@epa.gov,Non-binary,167.79.222.85
530,Lyndel,Cicchitello,lcicchitelloep@jimdo.com,Female,32.44.46.55
531,Zara,Skey,zskeyeq@vkontakte.ru,Female,253.127.193.158
532,Reba,Hatfield,rhatfielder@ovh.net,Female,1.199.209.71
533,Skipper,O'Longain,solongaines@cdc.gov,Male,166.142.129.11
534,Jerad,Montes,jmonteset@reverbnation.com,Male,186.75.21.107
535,Isaak,Paolinelli,ipaolinellieu@examiner.com,Male,151.3.33.98
536,Bill,Cabedo,bcabedoev@youtube.com,Female,144.182.7.226
537,Phil,Tavernor,ptavernorew@icq.com,Bigender,97.205.211.111
538,Bell,Sarjeant,bsarjeantex@ow.ly,Female,210.238.125.68
539,Felix,Furmagier,ffurmagierey@senate.gov,Male,32.25.128.3
540,Lauralee,Windebank,lwindebankez@163.com,Female,104.217.85.148
541,Lauri,Livesey,lliveseyf0@vinaora.com,Female,125.178.89.104
542,Adda,Siddaley,asiddaleyf1@live.com,Agender,201.109.211.172
543,Fred,Rowcliffe,frowcliffef2@imdb.com,Male,54.5.133.51
544,Frazer,Dryburgh,fdryburghf3@theatlantic.com,Male,152.235.248.156
545,Matthaeus,Seabourne,mseabournef4@jiathis.com,Male,135.203.15.231
546,Bendix,Gergler,bgerglerf5@techcrunch.com,Male,63.160.128.191
547,Alic,Whiting,awhitingf6@hexun.com,Male,32.93.108.68
548,Herschel,Claus,hclausf7@flavors.me,Male,172.162.203.62
549,Lian,Dobbin,ldobbinf8@bravesites.com,Polygender,36.185.42.113
550,Morten,Innocent,minnocentf9@uiuc.edu,Male,200.233.69.21
551,Moss,Kingzet,mkingzetfa@comsenz.com,Male,234.114.230.138
552,Ddene,O'Hagirtie,dohagirtiefb@fema.gov,Agender,213.112.208.121
553,Titus,Snoden,tsnodenfc@dailymotion.com,Male,253.49.140.131
554,Renae,Dowtry,rdowtryfd@psu.edu,Female,225.7.94.5
555,Gerick,Leys,gleysfe@ycombinator.com,Male,61.183.119.186
556,Anders,Marcham,amarchamff@fotki.com,Male,207.111.29.241
557,Huntington,Rannells,hrannellsfg@narod.ru,Male,102.174.57.28
558,Hadley,Bothe,hbothefh@hostgator.com,Male,244.174.37.37
559,Huntley,Boosey,hbooseyfi@nps.gov,Genderfluid,8.145.197.4
560,Cherlyn,Osorio,cosoriofj@techcrunch.com,Female,41.176.137.178
561,Genna,O'Donoghue,godonoghuefk@slate.com,Bigender,213.184.192.33
562,Jania,Thomason,jthomasonfl@issuu.com,Female,190.84.224.206
563,Lora,Briton,lbritonfm@ezinearticles.com,Female,39.17.74.131
564,Genny,Caville,gcavillefn@irs.gov,Female,188.203.182.237
565,Malva,Clementel,mclementelfo@mapquest.com,Female,54.90.59.45
566,Pascal,McTrusty,pmctrustyfp@amazon.co.jp,Male,117.101.240.4
567,Forrester,Dury,fduryfq@nifty.com,Male,194.188.71.48
568,Win,Becerro,wbecerrofr@senate.gov,Male,31.195.84.41
569,Melony,Bromet,mbrometfs@over-blog.com,Bigender,247.79.41.8
570,Witty,Persent,wpersentft@desdev.cn,Male,5.84.30.86
571,Aksel,Baudry,abaudryfu@ucoz.com,Male,192.229.112.111
572,Marget,Kennerley,mkennerleyfv@bloglines.com,Female,193.7.72.25
573,Jan,Bard,jbardfw@columbia.edu,Male,42.0.183.182
574,Wesley,McElvogue,wmcelvoguefx@spiegel.de,Male,15.229.203.217
575,Ardra,Flemming,aflemmingfy@sciencedaily.com,Female,35.212.12.122
576,Brandy,Abrahmovici,babrahmovicifz@ifeng.com,Male,65.32.171.227
577,Brinn,Mintoff,bmintoffg0@prlog.org,Female,57.17.61.114
578,Rae,Priel,rprielg1@diigo.com,Female,117.236.50.43
579,Anderea,Geekin,ageeking2@baidu.com,Genderfluid,158.192.41.133
580,Pris,Blackledge,pblackledgeg3@upenn.edu,Female,184.110.124.181
581,Jody,Rowthorn,jrowthorng4@pen.io,Male,60.22.237.253
582,Florri,Victory,fvictoryg5@delicious.com,Female,155.68.15.195
583,Felecia,Tolson,ftolsong6@upenn.edu,Female,174.149.165.11
584,Corly,Regitz,cregitzg7@tripadvisor.com,Female,72.234.199.236
585,Darb,Croall,dcroallg8@tumblr.com,Female,7.226.249.242
586,Cad,Challenor,cchallenorg9@smh.com.au,Male,234.172.196.148
587,Stefanie,O'Doohaine,sodoohainega@rakuten.co.jp,Female,72.80.14.111
588,Josy,Joreau,jjoreaugb@google.com,Female,101.73.231.239
589,Cheryl,Bougen,cbougengc@lycos.com,Female,234.114.228.24
590,Benn,Dillaway,bdillawaygd@barnesandnoble.com,Male,10.13.39.172
591,Lizbeth,Betjes,lbetjesge@clickbank.net,Female,125.140.3.220
592,Briana,Cartmill,bcartmillgf@reuters.com,Female,10.255.238.117
593,Dale,Chadd,dchaddgg@umich.edu,Female,73.69.132.99
594,Brandais,Lippo,blippogh@google.de,Female,107.72.58.194
595,Hayden,Burtwhistle,hburtwhistlegi@storify.com,Male,151.11.241.169
596,Verine,MacCarlich,vmaccarlichgj@spiegel.de,Female,254.220.2.215
597,Berny,Headingham,bheadinghamgk@cam.ac.uk,Female,200.244.243.32
598,Crawford,Ledgerton,cledgertongl@wunderground.com,Male,54.157.50.174
599,Abraham,Tichelaar,atichelaargm@histats.com,Male,84.218.199.83
600,Madella,Cogdon,mcogdongn@shop-pro.jp,Female,147.63.25.167
601,Corby,Bricham,cbrichamgo@marketwatch.com,Male,158.230.191.208
602,Obadias,Vicarey,ovicareygp@hud.gov,Male,168.106.76.54
603,Hildagard,Ortmann,hortmanngq@blinklist.com,Bigender,21.114.134.31
604,Gerrie,Dunnett,gdunnettgr@studiopress.com,Male,212.175.101.35
605,Jerome,Frood,jfroodgs@1und1.de,Male,231.22.223.253
606,Ximenes,Faragher,xfaraghergt@cyberchimps.com,Male,49.181.99.186
607,Orsa,Millar,omillargu@tripadvisor.com,Female,254.74.249.80
608,Gawain,Hafford,ghaffordgv@ucsd.edu,Male,16.3.56.181
609,Ariella,Taphouse,ataphousegw@phpbb.com,Female,134.213.175.139
610,Carmon,Wickersham,cwickershamgx@craigslist.org,Female,166.168.46.124
611,Elisabeth,Urling,eurlinggy@posterous.com,Female,10.145.177.205
612,Meryl,Extence,mextencegz@rambler.ru,Female,21.224.220.234
613,Jeffy,Menear,jmenearh0@who.int,Male,221.239.81.124
614,Star,Gillcrist,sgillcristh1@samsung.com,Female,164.228.81.161
615,Shaughn,Corps,scorpsh2@so-net.ne.jp,Male,21.93.175.137
616,Bess,Keasey,bkeaseyh3@adobe.com,Female,155.43.130.67
617,Sheridan,Sindle,ssindleh4@clickbank.net,Male,7.92.150.24
618,Todd,Dedam,tdedamh5@psu.edu,Male,200.125.37.182
619,Bambi,Hazeldean,bhazeldeanh6@who.int,Female,191.240.94.255
620,Starla,Cruces,scrucesh7@quantcast.com,Female,218.96.202.137
621,Eustacia,Dabel,edabelh8@un.org,Female,200.63.210.33
622,Georgiana,Puden,gpudenh9@scientificamerican.com,Female,203.186.143.113
623,Nelie,Ringham,nringhamha@ucsd.edu,Non-binary,8.204.105.3
624,Netta,Killiam,nkilliamhb@angelfire.com,Female,3.172.172.49
625,Jude,Darwen,jdarwenhc@cloudflare.com,Male,84.120.199.218
626,Parnell,Sutch,psutchhd@livejournal.com,Male,169.33.210.113
627,Kym,Vossgen,kvossgenhe@ibm.com,Female,0.125.199.54
628,Floria,Stampe,fstampehf@nationalgeographic.com,Female,198.90.102.110
629,Thorin,Eustace,teustacehg@cnn.com,Male,39.232.41.209
630,Diann,O'Docherty,dodochertyhh@washingtonpost.com,Female,163.146.164.22
631,Fidel,Gresham,fgreshamhi@webs.com,Male,212.205.211.32
632,Quintina,Crocetto,qcrocettohj@google.ca,Female,47.68.168.67
633,Pierre,Cicconettii,pcicconettiihk@nyu.edu,Male,206.162.123.151
634,Bernadette,Dahlback,bdahlbackhl@usatoday.com,Female,7.202.33.154
635,Sherrie,Lampe,slampehm@163.com,Female,241.133.66.221
636,Dusty,Angel,dangelhn@skype.com,Female,229.225.98.149
637,Gerladina,Von Hindenburg,gvonhindenburgho@irs.gov,Female,128.11.92.162
638,Hadrian,Welfare,hwelfarehp@utexas.edu,Male,14.87.90.0
639,Joby,Beavers,jbeavershq@digg.com,Female,32.7.138.123
640,Bryce,Baruch,bbaruchhr@weather.com,Male,231.158.232.182
641,Brad,Relfe,brelfehs@apache.org,Male,70.209.239.95
642,Zahara,Zecchinii,zzecchiniiht@themeforest.net,Female,104.246.71.186
643,Libbey,Chastagnier,lchastagnierhu@shinystat.com,Female,239.149.98.249
644,Kippie,Gorch,kgorchhv@jigsy.com,Female,140.9.177.204
645,Latia,Patrickson,lpatricksonhw@bravesites.com,Female,87.114.22.131
646,Kattie,Robuchon,krobuchonhx@friendfeed.com,Female,245.128.61.159
647,Lucas,Gibberd,lgibberdhy@rambler.ru,Male,167.230.61.99
648,Morie,Pawelski,mpawelskihz@indiatimes.com,Male,117.164.206.62
649,Barret,Greenhead,bgreenheadi0@businessinsider.com,Male,238.122.110.244
650,Etheline,Ockendon,eockendoni1@bizjournals.com,Female,125.86.82.34
651,Juli,McAw,jmcawi2@netscape.com,Female,159.64.232.104
652,Conrad,Vasichev,cvasichevi3@themeforest.net,Male,142.29.80.248
653,Dode,O'Dreain,dodreaini4@barnesandnoble.com,Female,46.60.52.1
654,Rosalind,Huske,rhuskei5@vistaprint.com,Female,223.62.102.194
655,Carson,Beckles,cbecklesi6@bloglovin.com,Male,190.76.18.24
656,Blondie,Demonge,bdemongei7@spiegel.de,Genderqueer,12.99.18.53
657,Ermentrude,MacCarrick,emaccarricki8@gravatar.com,Female,161.174.234.170
658,Vi,Blaycock,vblaycocki9@icq.com,Female,253.122.148.27
659,Shermie,Bauduin,sbauduinia@ucoz.com,Male,103.119.237.121
660,Crosby,Sole,csoleib@wufoo.com,Male,117.140.92.77
661,Garrot,Stockow,gstockowic@fda.gov,Male,230.163.60.188
662,Roxine,Turnell,rturnellid@prnewswire.com,Female,161.175.94.189
663,Aloysia,Ferras,aferrasie@netscape.com,Female,245.177.248.14
664,Ambrosius,Chapellow,achapellowif@dailymail.co.uk,Male,21.172.119.45
665,Amory,Blythin,ablythinig@forbes.com,Male,117.183.208.18
666,Almira,Eary,aearyih@discovery.com,Female,224.150.62.103
667,Dalli,Sach,dsachii@ted.com,Male,249.120.196.179
668,Ophelia,Harme,oharmeij@elegantthemes.com,Female,50.69.199.181
669,Lorrie,Chaundy,lchaundyik@time.com,Male,64.89.58.218
670,Carol,Coste,ccosteil@europa.eu,Genderqueer,122.200.129.169
671,Emilio,Lafond,elafondim@mozilla.org,Male,202.232.57.138
672,Natalya,Walhedd,nwalheddin@tumblr.com,Female,83.231.68.116
673,Jonie,Dacey,jdaceyio@ed.gov,Female,110.167.233.241
674,Derril,Ailsbury,dailsburyip@google.com.au,Male,81.77.173.93
675,Stinky,Schaumaker,sschaumakeriq@va.gov,Male,108.144.116.28
676,Mollee,McIlory,mmciloryir@statcounter.com,Female,179.76.192.201
677,Wini,Gubbins,wgubbinsis@yandex.ru,Female,112.144.223.215
678,Mela,Birtwhistle,mbirtwhistleit@taobao.com,Female,190.41.237.34
679,Juliann,Macer,jmaceriu@tmall.com,Female,152.102.78.91
680,Lacey,Ridolfo,lridolfoiv@diigo.com,Female,148.212.196.120
681,Jacklin,Cron,jcroniw@weather.com,Female,69.230.72.190
682,Fancy,Wadlow,fwadlowix@hud.gov,Female,173.48.174.210
683,Sherry,Gales,sgalesiy@sciencedirect.com,Female,181.21.101.112
684,Durant,O' Dooley,dodooleyiz@alibaba.com,Male,235.130.211.218
685,Sari,Smallsman,ssmallsmanj0@ed.gov,Female,135.192.79.236
686,Elden,Waiton,ewaitonj1@aboutads.info,Polygender,23.163.45.62
687,Jedediah,Turvey,jturveyj2@princeton.edu,Male,5.225.245.24
688,Chickie,Iacobucci,ciacobuccij3@va.gov,Female,108.69.93.119
689,Guillemette,Greger,ggregerj4@acquirethisname.com,Female,142.176.162.204
690,Cesya,Blunsden,cblunsdenj5@linkedin.com,Female,242.85.95.119
691,Ingelbert,Houchen,ihouchenj6@parallels.com,Male,126.74.36.126
692,Carlyn,O'Hartigan,cohartiganj7@youtu.be,Female,140.138.198.33
693,Derwin,Duplain,dduplainj8@nationalgeographic.com,Male,94.150.95.246
694,Shanta,Maas,smaasj9@networksolutions.com,Polygender,239.125.151.138
695,Lynsey,Bampfield,lbampfieldja@unicef.org,Female,64.233.208.53
696,Josias,Dansken,jdanskenjb@bizjournals.com,Male,151.179.174.101
697,Becca,Boughton,bboughtonjc@posterous.com,Female,134.185.13.35
698,Rae,Tousey,rtouseyjd@sitemeter.com,Female,17.84.251.157
699,Meggy,Dee,mdeeje@adobe.com,Female,217.173.148.212
700,Maynard,Paxman,mpaxmanjf@zimbio.com,Male,241.24.79.174
701,Herschel,Lomond,hlomondjg@macromedia.com,Male,116.13.38.78
702,Hollyanne,Vowels,hvowelsjh@va.gov,Female,24.72.135.219
703,Cordi,Sandry,csandryji@guardian.co.uk,Polygender,193.164.93.207
704,Saxe,Tyzack,styzackjj@addthis.com,Male,124.63.50.228
705,Trenna,Lathleiffure,tlathleiffurejk@oakley.com,Female,229.169.156.246
706,Bride,Redwall,bredwalljl@squarespace.com,Female,156.220.65.131
707,Biddie,Hook,bhookjm@weibo.com,Genderfluid,145.202.185.183
708,Turner,Leuren,tleurenjn@bloglovin.com,Male,209.119.11.166
709,Timmy,Shallcrass,tshallcrassjo@goo.ne.jp,Male,228.28.176.217
710,Derek,Wathell,dwathelljp@bandcamp.com,Male,158.250.140.92
711,Alexandro,Bullick,abullickjq@newyorker.com,Male,48.35.226.41
712,Arch,Maccraw,amaccrawjr@army.mil,Male,253.154.207.235
713,Maggy,Rzehorz,mrzehorzjs@unc.edu,Female,180.219.101.232
714,Martyn,Berthot,mberthotjt@e-recht24.de,Male,72.178.91.56
715,Douglas,Heeps,dheepsju@cornell.edu,Male,227.78.214.12
716,Augusta,Causley,acausleyjv@godaddy.com,Female,148.195.7.71
717,Gloria,Halwood,ghalwoodjw@ebay.co.uk,Female,155.61.35.170
718,Griff,Batey,gbateyjx@scientificamerican.com,Male,13.171.249.97
719,Sara-ann,Stack,sstackjy@stanford.edu,Female,103.204.2.39
720,Henderson,O'Cooney,hocooneyjz@is.gd,Male,214.65.245.201
721,Rudiger,Klicher,rklicherk0@google.ru,Male,83.119.219.36
722,Doti,O'Daly,dodalyk1@cocolog-nifty.com,Genderfluid,217.225.220.217
723,Berti,Siaskowski,bsiaskowskik2@weather.com,Male,244.152.130.3
724,Fidelity,Owenson,fowensonk3@netscape.com,Female,183.164.32.231
725,Harley,Bigley,hbigleyk4@weibo.com,Male,217.184.240.238
726,Maxwell,Robart,mrobartk5@ocn.ne.jp,Male,46.252.61.41
727,Francklin,Poetz,fpoetzk6@addthis.com,Male,94.190.166.90
728,Dante,Trulocke,dtrulockek7@istockphoto.com,Male,176.127.109.47
729,Beryle,Burnep,bburnepk8@moonfruit.com,Female,250.85.179.38
730,Doralia,Munnion,dmunnionk9@cnet.com,Female,93.248.38.173
731,Monte,Fliege,mfliegeka@vk.com,Male,238.26.188.189
732,Halsy,Flaxon,hflaxonkb@google.co.jp,Male,194.67.152.38
733,Robbert,Tapenden,rtapendenkc@linkedin.com,Genderfluid,247.42.9.87
734,Minor,McGing,mmcgingkd@jigsy.com,Male,146.212.101.63
735,Curr,Gothup,cgothupke@toplist.cz,Male,186.249.254.4
736,Dorian,Thomesson,dthomessonkf@biglobe.ne.jp,Male,171.47.252.231
737,Laurent,Anand,lanandkg@seesaa.net,Male,204.251.82.187
738,Archibald,Farrier,afarrierkh@livejournal.com,Male,144.182.180.98
739,Sabrina,Tomaschke,stomaschkeki@rakuten.co.jp,Female,218.205.169.148
740,Magdalena,Giacopetti,mgiacopettikj@ft.com,Female,138.150.167.14
741,Brett,Banke,bbankekk@who.int,Male,165.1.198.170
742,Crissie,Kelf,ckelfkl@printfriendly.com,Female,36.17.84.234
743,Katalin,Hasel,khaselkm@google.fr,Female,52.224.48.143
744,Mannie,Filipputti,mfilipputtikn@odnoklassniki.ru,Male,146.82.72.118
745,Olivier,Barczynski,obarczynskiko@independent.co.uk,Male,118.126.189.115
746,Hewitt,Greasley,hgreasleykp@opera.com,Male,56.230.87.23
747,Torey,Coltart,tcoltartkq@joomla.org,Female,107.230.114.41
748,Lyle,Amys,lamyskr@google.co.uk,Male,57.161.165.213
749,Linzy,Larchier,llarchierks@wiley.com,Female,195.92.126.228
750,Homer,Clive,hclivekt@usgs.gov,Male,199.235.59.15
751,Danell,Reeder,dreederku@163.com,Female,211.208.98.22
752,Coriss,Crew,ccrewkv@auda.org.au,Female,240.208.125.119
753,Doralynn,Bransby,dbransbykw@printfriendly.com,Female,169.206.124.231
754,Shelden,Gladebeck,sgladebeckkx@ning.com,Male,161.94.220.186
755,Corina,Corby,ccorbyky@amazonaws.com,Female,136.250.85.177
756,Berton,Tack,btackkz@indiatimes.com,Male,79.19.250.198
757,Dulce,Lomasney,dlomasneyl0@mac.com,Female,92.58.3.149
758,Sondra,Heffernon,sheffernonl1@tripod.com,Female,81.106.208.228
759,Donna,Delleschi,ddelleschil2@umn.edu,Non-binary,150.59.206.167
760,Pamela,Bagley,pbagleyl3@skype.com,Female,156.133.248.164
761,Winni,Wasteney,wwasteneyl4@cnn.com,Non-binary,76.120.191.150
762,Ferris,Boman,fbomanl5@1688.com,Male,53.107.172.57
763,Dela,Bawme,dbawmel6@bizjournals.com,Female,8.59.18.107
764,Eimile,Gulliford,egullifordl7@adobe.com,Female,2.114.144.63
765,Ilse,Duxbury,iduxburyl8@technorati.com,Female,194.38.166.175
766,Wendell,Rulf,wrulfl9@gizmodo.com,Male,219.16.180.10
767,Kingsley,Dunsford,kdunsfordla@digg.com,Male,199.185.221.57
768,Tory,Petrakov,tpetrakovlb@163.com,Female,84.251.125.180
769,Alexandrina,Cunio,acuniolc@dailymotion.com,Female,29.41.247.151
770,Marie-ann,Wetherick,mwetherickld@hp.com,Polygender,17.132.232.59
771,Brand,Frantzeni,bfrantzenile@dagondesign.com,Agender,202.184.9.231
772,Art,Lembrick,alembricklf@whitehouse.gov,Male,98.100.247.192
773,Margot,Lakenden,mlakendenlg@forbes.com,Female,37.181.142.71
774,Rosaleen,Biggam,rbiggamlh@arstechnica.com,Female,93.122.241.137
775,Wake,Coch,wcochli@biglobe.ne.jp,Male,198.180.50.121
776,Adele,Cud,acudlj@vk.com,Female,11.62.153.113
777,Woodie,Durant,wdurantlk@nymag.com,Male,93.52.159.29
778,Hasty,Lavies,hlaviesll@toplist.cz,Bigender,222.212.109.19
779,Gerhardt,Whiffin,gwhiffinlm@opensource.org,Male,200.195.136.230
780,Morgan,Hamlington,mhamlingtonln@springer.com,Female,16.239.10.34
781,Carree,Lynthal,clynthallo@admin.ch,Female,225.32.207.95
782,Lina,Mateuszczyk,lmateuszczyklp@meetup.com,Female,21.235.208.132
783,Anastasie,Godfree,agodfreelq@newyorker.com,Female,36.209.68.75
784,Wright,Baughn,wbaughnlr@stanford.edu,Male,154.102.116.56
785,Sean,Baskeyfied,sbaskeyfiedls@so-net.ne.jp,Genderfluid,226.171.69.252
786,Becki,Koeppe,bkoeppelt@dailymail.co.uk,Female,26.109.115.2
787,Emyle,Tolfrey,etolfreylu@unblog.fr,Female,164.255.82.55
788,Dukie,Scatcher,dscatcherlv@1688.com,Male,210.195.89.209
789,Franky,Waumsley,fwaumsleylw@newsvine.com,Male,10.220.235.28
790,Dugald,Clemitt,dclemittlx@nsw.gov.au,Male,99.114.181.142
791,Hakeem,Gennings,hgenningsly@loc.gov,Male,242.17.79.81
792,Buckie,Edgler,bedglerlz@slashdot.org,Male,200.233.214.202
793,Sherwood,Prise,sprisem0@surveymonkey.com,Male,162.132.184.87
794,Brade,Goodchild,bgoodchildm1@earthlink.net,Male,174.234.143.101
795,Read,Brooker,rbrookerm2@yellowpages.com,Genderfluid,216.96.135.29
796,Ulrica,Bernade,ubernadem3@ovh.net,Genderqueer,123.4.186.15
797,Lalo,Perfitt,lperfittm4@arizona.edu,Male,112.243.41.200
798,Rosamund,Opy,ropym5@newyorker.com,Female,17.74.160.206
799,Raimondo,Pickless,rpicklessm6@google.nl,Male,221.105.226.15
800,Kelli,Boulton,kboultonm7@surveymonkey.com,Female,166.222.225.33
801,Blanca,Ceschi,bceschim8@kickstarter.com,Female,25.25.22.13
802,Ned,Fer,nferm9@symantec.com,Male,97.25.150.26
803,Robinetta,Burnett,rburnettma@chicagotribune.com,Female,46.9.252.136
804,Addy,Birnie,abirniemb@loc.gov,Non-binary,134.17.245.23
805,Gaston,Rolling,grollingmc@google.com.br,Male,235.126.39.62
806,Barry,Godson,bgodsonmd@wikimedia.org,Genderfluid,31.216.23.166
807,Bord,Acory,bacoryme@jimdo.com,Male,206.9.175.195
808,Granville,Fleet,gfleetmf@mit.edu,Genderfluid,193.55.134.214
809,Shannen,Manclark,smanclarkmg@123-reg.co.uk,Female,243.35.244.249
810,Miner,Lampbrecht,mlampbrechtmh@is.gd,Male,159.79.9.40
811,Phillip,Skryne,pskrynemi@npr.org,Male,113.165.208.4
812,Murdoch,Rodie,mrodiemj@ezinearticles.com,Male,33.201.98.140
813,Weber,MacMenemy,wmacmenemymk@epa.gov,Bigender,0.245.17.196
814,Adan,Chalfain,achalfainml@multiply.com,Male,123.170.202.18
815,Nap,Bostick,nbostickmm@xinhuanet.com,Male,101.210.97.229
816,Meade,Jenicke,mjenickemn@soundcloud.com,Male,239.23.28.249
817,Julian,Hughes,jhughesmo@yahoo.co.jp,Male,25.238.124.231
818,Shermie,Polotti,spolottimp@pcworld.com,Male,244.196.148.11
819,Korney,Staniford,kstanifordmq@si.edu,Female,239.226.144.87
820,Hattie,Rableau,hrableaumr@wsj.com,Female,3.202.64.161
821,Kane,Kunze,kkunzems@ebay.co.uk,Male,162.108.153.123
822,Karia,Hutson,khutsonmt@mysql.com,Female,156.69.103.230
823,Barbee,Schwier,bschwiermu@hostgator.com,Female,0.156.136.125
824,Lauren,Szymanek,lszymanekmv@e-recht24.de,Female,197.230.80.142
825,Darcie,Barnson,dbarnsonmw@yahoo.com,Female,181.91.249.84
826,Noah,Kendred,nkendredmx@lulu.com,Male,122.162.167.246
827,Sarena,Moxley,smoxleymy@studiopress.com,Female,93.234.127.186
828,Hort,Laban,hlabanmz@bbc.co.uk,Male,178.60.191.117
829,Jarad,Anmore,janmoren0@google.pl,Male,91.83.250.157
830,Marigold,Symcox,msymcoxn1@time.com,Female,209.87.214.185
831,Lauren,Geri,lgerin2@pcworld.com,Female,215.126.176.106
832,Keith,Scurry,kscurryn3@businessinsider.com,Male,250.106.3.66
833,Spence,Walaron,swalaronn4@fastcompany.com,Male,213.227.76.95
834,Nanci,Vinnick,nvinnickn5@ebay.co.uk,Female,14.244.107.161
835,Noble,Bromidge,nbromidgen6@typepad.com,Genderqueer,75.62.146.175
836,Conn,Floodgate,cfloodgaten7@goo.ne.jp,Male,194.91.95.166
837,Stephine,Tumasian,stumasiann8@symantec.com,Female,81.64.119.166
838,Derwin,Keijser,dkeijsern9@people.com.cn,Male,180.193.100.91
839,Daren,Barns,dbarnsna@myspace.com,Male,201.44.151.210
840,Ferrel,Melendez,fmelendeznb@gov.uk,Male,27.148.156.65
841,Neil,Able,nablenc@washingtonpost.com,Male,152.245.191.40
842,Ford,Dibble,fdibblend@angelfire.com,Male,206.185.158.43
843,Rosina,Charlotte,rcharlottene@amazon.co.jp,Female,33.67.36.131
844,Almeria,Lugsdin,alugsdinnf@moonfruit.com,Female,10.249.56.35
845,Christyna,Sexty,csextyng@is.gd,Genderqueer,163.118.237.45
846,Teddie,Crump,tcrumpnh@yale.edu,Agender,29.233.209.192
847,Spencer,Kuzma,skuzmani@pbs.org,Male,14.193.216.6
848,Wilbert,Zanini,wzanininj@simplemachines.org,Male,113.77.234.60
849,Lezley,Tsar,ltsarnk@mlb.com,Male,76.128.254.168
850,Jeannette,Bradder,jbraddernl@google.com,Female,244.202.17.248
851,Lemuel,Lineham,llinehamnm@nature.com,Male,197.90.112.59
852,Bernita,Lamb-shine,blambshinenn@reference.com,Female,198.12.226.210
853,Joyous,Ungaretti,jungarettino@sphinn.com,Female,204.139.250.81
854,Winifield,Whifen,wwhifennp@blog.com,Male,250.150.174.172
855,Tamma,Heppenspall,theppenspallnq@diigo.com,Female,173.105.100.142
856,Hannie,D'Antuoni,hdantuoninr@gravatar.com,Female,182.77.33.21
857,Tadeas,Dable,tdablens@cnn.com,Male,66.2.37.228
858,Clarissa,Bromfield,cbromfieldnt@clickbank.net,Genderqueer,81.167.99.73
859,Glyn,Ruckhard,gruckhardnu@elpais.com,Male,81.54.68.176
860,Marshall,Burney,mburneynv@pinterest.com,Male,129.89.61.214
861,Lazar,Dunklee,ldunkleenw@vistaprint.com,Male,165.221.155.222
862,Gerek,Szymanski,gszymanskinx@stanford.edu,Male,53.76.171.94
863,Niles,Tarborn,ntarbornny@weather.com,Male,61.120.86.177
864,Pablo,Yegorkov,pyegorkovnz@intel.com,Non-binary,142.86.237.140
865,Quintin,Bellhanger,qbellhangero0@yellowbook.com,Male,82.152.70.160
866,Emilio,Ivankov,eivankovo1@sakura.ne.jp,Male,42.19.186.213
867,Nerita,Ballsdon,nballsdono2@npr.org,Female,72.79.8.55
868,Johanna,Wadham,jwadhamo3@gizmodo.com,Female,237.147.11.145
869,Winna,Vondrach,wvondracho4@tinyurl.com,Female,153.183.161.150
870,Dolorita,Barneveld,dbarneveldo5@netscape.com,Genderqueer,3.247.121.237
871,Mitchael,McEvay,mmcevayo6@businesswire.com,Male,163.119.136.181
872,Tatum,Fierman,tfiermano7@virginia.edu,Bigender,194.106.15.219
873,Wilbert,Howel,whowelo8@seattletimes.com,Male,137.94.219.181
874,Devina,Spiby,dspibyo9@elegantthemes.com,Female,39.80.200.61
875,Margo,Freear,mfreearoa@bandcamp.com,Female,101.17.158.222
876,Corenda,Ghiroldi,cghiroldiob@answers.com,Female,75.228.230.189
877,Shelby,Alexander,salexanderoc@mozilla.org,Male,241.254.180.8
878,Niels,Bruhnicke,nbruhnickeod@cdbaby.com,Male,102.206.121.201
879,Katee,Duffit,kduffitoe@zimbio.com,Female,34.27.38.101
880,Saw,Lorentzen,slorentzenof@baidu.com,Male,133.115.196.3
881,Clarita,Longega,clongegaog@lycos.com,Female,111.234.218.198
882,Harley,Riba,hribaoh@sphinn.com,Male,97.113.199.166
883,Kurtis,Biernat,kbiernatoi@edublogs.org,Male,252.84.54.225
884,Bernice,Horche,bhorcheoj@webnode.com,Female,63.81.43.90
885,Ric,Khosa,rkhosaok@ibm.com,Polygender,154.98.61.135
886,Pippa,McGann,pmcgannol@nytimes.com,Female,83.100.91.191
887,Jerrome,Emmett,jemmettom@ustream.tv,Male,123.117.153.27
888,Leia,Gumey,lgumeyon@squarespace.com,Female,71.207.6.225
889,Darcy,Looker,dlookeroo@youtube.com,Bigender,184.227.210.199
890,Vivia,Dreher,vdreherop@microsoft.com,Female,185.157.14.179
891,Karisa,Pogue,kpogueoq@amazon.de,Female,107.196.122.138
892,Darell,Goodluck,dgoodluckor@bloglines.com,Female,87.159.56.30
893,Teddie,Sporrij,tsporrijos@macromedia.com,Female,91.122.78.179
894,Mehetabel,Vaudre,mvaudreot@loc.gov,Female,60.84.89.156
895,Demott,Diggens,ddiggensou@ucoz.com,Male,118.58.139.4
896,Kit,O'Hogertie,kohogertieov@weather.com,Male,66.92.201.104
897,Carolan,Kampshell,ckampshellow@businesswire.com,Female,170.1.15.69
898,Armand,Lindwasser,alindwasserox@pagesperso-orange.fr,Male,136.199.205.37
899,Alys,Doubleday,adoubledayoy@w3.org,Female,6.247.1.23
900,Debbi,Ducarne,dducarneoz@51.la,Female,45.157.64.185
901,Ricardo,Perham,rperhamp0@google.com.br,Male,227.199.140.19
902,Heath,Humpherson,hhumphersonp1@symantec.com,Male,21.124.43.137
903,Zacherie,Caverhill,zcaverhillp2@ocn.ne.jp,Male,217.99.121.154
904,Ingaberg,Pembry,ipembryp3@ezinearticles.com,Female,180.170.60.204
905,Bogart,Burnyeat,bburnyeatp4@bluehost.com,Male,2.218.217.200
906,Kimmie,Tyreman,ktyremanp5@scribd.com,Female,118.4.96.112
907,Kaila,Killock,kkillockp6@apple.com,Female,158.220.197.50
908,Christoph,Whiffen,cwhiffenp7@storify.com,Male,81.78.173.49
909,Dionne,Fabbri,dfabbrip8@altervista.org,Female,143.188.120.193
910,Rebeka,Welbeck,rwelbeckp9@quantcast.com,Female,168.199.44.147
911,Allie,Ferroli,aferrolipa@ibm.com,Male,251.198.99.138
912,Sonnnie,Grahl,sgrahlpb@psu.edu,Female,159.175.27.243
913,Nanette,Blackaller,nblackallerpc@toplist.cz,Female,207.72.30.116
914,Brandi,Brian,bbrianpd@comsenz.com,Female,181.81.189.57
915,Gilly,Eger,gegerpe@who.int,Female,246.2.130.9
916,Saw,Wych,swychpf@latimes.com,Male,64.18.201.48
917,Sophronia,Trahair,strahairpg@oakley.com,Bigender,47.182.211.66
918,Guillemette,Couzens,gcouzensph@blogs.com,Female,164.43.15.57
919,Kaylil,George,kgeorgepi@angelfire.com,Female,181.201.187.152
920,Hogan,Rapinett,hrapinettpj@umich.edu,Male,36.197.155.182
921,Dedie,Pollack,dpollackpk@imdb.com,Female,136.112.190.78
922,Charity,Lattin,clattinpl@flavors.me,Female,204.213.134.183
923,Marilee,Garment,mgarmentpm@ovh.net,Female,220.193.197.36
924,Fanechka,Evered,feveredpn@hibu.com,Female,180.66.195.107
925,Annalee,Gatus,agatuspo@google.com.hk,Female,113.81.174.248
926,Martynne,Lauks,mlaukspp@i2i.jp,Female,146.123.237.157
927,Brittne,Zimmermanns,bzimmermannspq@tinyurl.com,Female,59.102.143.49
928,Cyrille,Davern,cdavernpr@cafepress.com,Male,140.255.254.71
929,Gustave,Huntar,ghuntarps@fotki.com,Male,183.175.232.140
930,Adelbert,Stroband,astrobandpt@ebay.co.uk,Male,176.233.220.140
931,Denys,Gulvin,dgulvinpu@netvibes.com,Female,123.69.37.22
932,Pier,Bleeze,pbleezepv@npr.org,Female,88.59.43.129
933,Sarge,Jendrassik,sjendrassikpw@etsy.com,Male,142.98.127.142
934,Ferdie,Jellybrand,fjellybrandpx@moonfruit.com,Male,60.145.208.204
935,Rafe,Cummins,rcumminspy@ft.com,Male,124.237.193.151
936,Brenna,Akess,bakesspz@bloglovin.com,Female,170.100.9.186
937,Shauna,Jannaway,sjannawayq0@is.gd,Non-binary,75.152.39.65
938,Floris,Mapother,fmapotherq1@timesonline.co.uk,Female,193.65.203.147
939,Corrie,Mathonnet,cmathonnetq2@histats.com,Female,169.28.155.34
940,Kenny,Libri,klibriq3@ox.ac.uk,Male,225.188.202.87
941,Shaina,Thurbon,sthurbonq4@last.fm,Female,118.69.92.24
942,Ettore,Aleavy,ealeavyq5@odnoklassniki.ru,Male,71.68.121.121
943,Ninnetta,Mayfield,nmayfieldq6@thetimes.co.uk,Genderfluid,13.90.96.248
944,Jaymie,Hafner,jhafnerq7@hhs.gov,Male,234.192.45.28
945,Heall,Janowski,hjanowskiq8@vkontakte.ru,Male,10.250.242.179
946,Stafani,Ebbitt,sebbittq9@weather.com,Female,52.5.241.249
947,Mirna,Widger,mwidgerqa@bizjournals.com,Female,144.169.135.127
948,Kearney,Wint,kwintqb@archive.org,Male,0.95.36.74
949,Mirna,Hasluck,mhasluckqc@blogs.com,Female,242.252.24.46
950,Ruperta,Siccombe,rsiccombeqd@mediafire.com,Female,160.149.62.98
951,Jodee,Bache,jbacheqe@sun.com,Female,83.99.132.63
952,Kara-lynn,Canlin,kcanlinqf@time.com,Female,21.140.5.0
953,Veronica,Coomer,vcoomerqg@freewebs.com,Female,55.36.159.201
954,Alicea,Bough,aboughqh@deviantart.com,Female,101.40.24.94
955,Eal,MacAne,emacaneqi@cocolog-nifty.com,Male,129.167.87.194
956,Cinderella,Harome,charomeqj@reference.com,Female,171.125.77.161
957,Carline,Bibby,cbibbyqk@twitpic.com,Female,127.46.229.11
958,Arlee,Sommer,asommerql@guardian.co.uk,Female,196.157.171.53
959,Ted,Hurler,thurlerqm@epa.gov,Non-binary,172.125.87.255
960,Mickey,Tidman,mtidmanqn@reference.com,Male,206.106.20.116
961,Paulette,Raistrick,praistrickqo@tmall.com,Female,111.242.14.23
962,Delmore,Etches,detchesqp@nature.com,Male,44.126.87.27
963,Fletch,Towey,ftoweyqq@ibm.com,Male,211.108.232.4
964,Haven,Tully,htullyqr@reverbnation.com,Male,20.117.136.25
965,Boony,Sweatland,bsweatlandqs@mail.ru,Male,137.171.9.98
966,Goddard,Sparey,gspareyqt@oaic.gov.au,Male,94.181.134.128
967,Denni,Sizeland,dsizelandqu@cisco.com,Female,187.216.105.105
968,Agretha,Aitkin,aaitkinqv@delicious.com,Female,165.0.113.140
969,Bridget,Bosch,bboschqw@weather.com,Female,7.66.146.79
970,Berni,Maddigan,bmaddiganqx@ucoz.com,Female,108.209.90.18
971,Tobye,Napleton,tnapletonqy@china.com.cn,Female,158.217.31.213
972,Henry,Amorts,hamortsqz@skyrock.com,Male,43.242.45.115
973,Collette,Dossantos,cdossantosr0@chron.com,Female,42.80.190.100
974,Lida,Mildmott,lmildmottr1@soup.io,Female,111.179.104.220
975,Jacques,MacFadden,jmacfaddenr2@macromedia.com,Male,192.240.2.177
976,Jillene,Donn,jdonnr3@reverbnation.com,Female,94.58.71.62
977,Rey,Cockson,rcocksonr4@prnewswire.com,Male,143.122.86.1
978,Kacy,Jaycocks,kjaycocksr5@sogou.com,Female,65.8.2.111
979,Zaneta,Crowdson,zcrowdsonr6@cam.ac.uk,Female,185.131.241.91
980,Laurel,Stearns,lstearnsr7@unc.edu,Female,9.92.45.106
981,Lauralee,Satford,lsatfordr8@cbslocal.com,Female,151.29.114.115
982,Ami,O'Shavlan,aoshavlanr9@histats.com,Female,74.167.187.135
983,Sheff,Caddan,scaddanra@ebay.co.uk,Male,86.208.162.219
984,Konstantine,Larmet,klarmetrb@xinhuanet.com,Male,251.103.200.203
985,Stefania,Olohan,solohanrc@mlb.com,Female,180.214.218.207
986,Joeann,Gemelli,jgemellird@altervista.org,Female,21.29.11.51
987,Zachery,Streeten,zstreetenre@weather.com,Male,186.213.95.17
988,Brigid,Sirett,bsirettrf@state.gov,Female,43.140.67.115
989,Melany,Bresnen,mbresnenrg@newsvine.com,Female,99.144.247.184
990,Morly,McMoyer,mmcmoyerrh@ucsd.edu,Male,77.200.47.154
991,Corie,Brithman,cbrithmanri@webmd.com,Genderqueer,14.82.211.66
992,Colet,Harmeston,charmestonrj@about.com,Male,123.82.35.224
993,Cris,Cosslett,ccosslettrk@lulu.com,Female,90.196.212.148
994,Faye,Rozalski,frozalskirl@xrea.com,Genderqueer,31.1.16.68
995,Boonie,Wheldon,bwheldonrm@edublogs.org,Male,80.127.78.73
996,Alfredo,Hewins,ahewinsrn@edublogs.org,Male,171.118.109.243
997,Nadia,Jorck,njorckro@flavors.me,Polygender,217.89.8.132
998,Ellery,Melesk,emeleskrp@t-online.de,Genderfluid,123.224.176.24
999,Roxanne,Bergstrand,rbergstrandrq@wired.com,Female,205.38.100.252
1000,Flossie,Greaser,fgreaserrr@yahoo.com,Bigender,80.21.125.198